/*
SQLyog Ultimate v11.5 (32 bit)
MySQL - 5.7.18-log : Database - news_today
*********************************************************************
*/


/*!40101 SET NAMES utf8 */;

/*!40101 SET SQL_MODE=''*/;

/*!40014 SET @OLD_UNIQUE_CHECKS=@@UNIQUE_CHECKS, UNIQUE_CHECKS=0 */;
/*!40014 SET @OLD_FOREIGN_KEY_CHECKS=@@FOREIGN_KEY_CHECKS, FOREIGN_KEY_CHECKS=0 */;
/*!40101 SET @OLD_SQL_MODE=@@SQL_MODE, SQL_MODE='NO_AUTO_VALUE_ON_ZERO' */;
/*!40111 SET @OLD_SQL_NOTES=@@SQL_NOTES, SQL_NOTES=0 */;
CREATE DATABASE /*!32312 IF NOT EXISTS*/`news_today` /*!40100 DEFAULT CHARACTER SET utf8 */;

USE `news_today`;

/*Table structure for table `category` */

DROP TABLE IF EXISTS `category`;

CREATE TABLE `category` (
  `id` int(10) unsigned NOT NULL AUTO_INCREMENT,
  `name` varchar(10) NOT NULL,
  `position` int(1) unsigned DEFAULT '10',
  PRIMARY KEY (`id`)
) ENGINE=InnoDB AUTO_INCREMENT=8 DEFAULT CHARSET=utf8;

/*Data for the table `category` */

insert  into `category`(`id`,`name`,`position`) values (2,'politic',1),(3,'sport',3),(4,'live_stile',2),(7,'business',4);

/*Table structure for table `partner` */

DROP TABLE IF EXISTS `partner`;

CREATE TABLE `partner` (
  `id` int(10) unsigned NOT NULL AUTO_INCREMENT,
  `name` text NOT NULL,
  `title` text NOT NULL,
  `u_r_l` text NOT NULL,
  `video_url` text,
  `prof` text,
  `pic` varchar(255) DEFAULT NULL,
  `posit` varchar(10) DEFAULT NULL,
  PRIMARY KEY (`id`)
) ENGINE=InnoDB AUTO_INCREMENT=7 DEFAULT CHARSET=utf8;

/*Data for the table `partner` */

insert  into `partner`(`id`,`name`,`title`,`u_r_l`,`video_url`,`prof`,`pic`,`posit`) values (3,'SPACE','NEBULA \"Helix\"','https://www.youtube.com/watch?v=qyEzsAy4qeU','https://www.youtube.com/embed/qyEzsAy4qeU\"','A dying star is throwing a cosmic tantrum in this combined image from NASA\'s Spitzer Space Telescope and the Galaxy Evolution Explorer (GALEX), which NASA has lent to the California Institute of Technology in Pasadena. In death, the star\'s dusty outer layers are unraveling into space, glowing from the intense ultraviolet radiation being pumped out by the hot stellar core.\r\n\r\nThis object, called the Helix nebula, lies 650 light-years away, in the constellation of Aquarius. Also known by the catalog number NGC 7293, it is a typical example of a class of objects called planetary nebulae. Discovered in the 18th century, these cosmic works of art were erroneously named for their resemblance to gas-giant planets.\r\n\r\nPlanetary nebulae are actually the remains of stars that once looked a lot like our sun. These stars spend most of their lives turning hydrogen into helium in massive runaway nuclear fusion reactions in their cores. In fact, this process of fusion provides all the light and heat that we get from our sun. Our sun will blossom into a planetary nebula when it dies in about five billion years.\r\n\r\nWhen the hydrogen fuel for the fusion reaction runs out, the star turns to helium for a fuel source, burning it into an even heavier mix of carbon, nitrogen and oxygen. Eventually, the helium will also be exhausted, and the star dies, puffing off its outer gaseous layers and leaving behind the tiny, hot, dense core, called a white dwarf. The white dwarf is about the size of Earth, but has a mass very close to that of the original star; in fact, a teaspoon of a white dwarf would weigh as much as a few elephants!\r\n\r\nThe glow from planetary nebulae is particularly intriguing as it appears surprisingly similar across a broad swath of the spectrum, from ultraviolet to infrared. The Helix remains recognizable at any of these wavelengths, but the combination shown here highlights some subtle differences.\r\n\r\nThe intense ultraviolet radiation from the white dwarf heats up the expelled layers of gas, which shine brightly in the infrared. GALEX has picked out the ultraviolet light pouring out of this system, shown throughout the nebula in blue, while Spitzer has snagged the detailed infrared signature of the dust and gas in yellow A portion of the extended field beyond the nebula, which was not observed by Spitzer, is from NASA\'s all-sky Wide-field Infrared Survey Explorer (WISE). The white dwarf star itself is a tiny white pinprick right at the center of the nebula.\r\n\r\nThe brighter purple circle in the very center is the combined ultraviolet and infrared glow of a dusty disk circling the white dwarf (the disk itself is too small to be resolved). This dust was most likely kicked up by comets that survived the death of their star.\r\n\r\nBefore the star died, its comets, and possibly planets, would have orbited the star in an orderly fashion. When the star ran out of hydrogen to burn, and blew off its outer layers, the icy bodies and outer planets would have been tossed about and into each other, kicking up an ongoing cosmic dust storm. Any inner planets in the system would have burned up or been swallowed as their dying star expanded.\r\n\r\nInfrared data from Spitzer for the central nebula is rendered in green (wavelengths of 3.6 to 4.5 microns) and red (8 to 24 microns), with WISE data covering the outer areas in green (3.4 to 4.5 microns) and red (12 to 22 microns). Ultraviolet data from GALEX appears as blue (0.15 to 2.3 microns).\r\n\r\nImage Credit: NASA/JPL-Caltech\r\n\r\n','1506435899563_ngc6357.jpg','b'),(4,'not a advert.','not a advert.','#adver',NULL,'not a advert.','1506440399683_addbanner_728x90_V1.jpg','a'),(6,'դե սպասիր','դե սպասիր','https://www.youtube.com/watch?v=J0Z8r3_29xo','https://www.youtube.com/embed/n_4_cT9V1sg','դե սպասիր','1506442390739_Без названия.jpg','');

/*Table structure for table `post` */

DROP TABLE IF EXISTS `post`;

CREATE TABLE `post` (
  `id` int(10) unsigned NOT NULL AUTO_INCREMENT,
  `title` varchar(1000) NOT NULL,
  `prof` text NOT NULL,
  `pic` text NOT NULL,
  `date` date NOT NULL,
  `pop_index` int(10) unsigned NOT NULL,
  `region` varchar(255) NOT NULL,
  `category_id` int(10) unsigned NOT NULL,
  `posit_index` int(10) unsigned NOT NULL,
  `posit_index_category` int(10) unsigned NOT NULL,
  PRIMARY KEY (`id`),
  KEY `category_id` (`category_id`),
  CONSTRAINT `post_ibfk_1` FOREIGN KEY (`category_id`) REFERENCES `category` (`id`)
) ENGINE=InnoDB AUTO_INCREMENT=37 DEFAULT CHARSET=utf8;

/*Data for the table `post` */

insert  into `post`(`id`,`title`,`prof`,`pic`,`date`,`pop_index`,`region`,`category_id`,`posit_index`,`posit_index_category`) values (12,'Երբ կլինի ՀՀԿ-ի պաշտոնական պատասխանը, կխոսենք. կուսակցությունը դեռ որոշում չունի. Կ. Կարապետյանը` 2018-ի վարչապետի մասին (տեսանյութ)','Կուսակցությունը դեռ որոշում չունի. երբ կլինի ՀՀԿ-ի պաշտոնական պատասխանը, կխոսենք: Մասնավոր անձանց կարծիքները թույլ տվեք չմեկնաբանել: Այսօր Հայաստան-Սփյուռք համաժողովից հետո այս մասին նշեց վարչապետ Կարեն Կարապետյանը՝ պատասխանելով հարցին, թե ինչ է մտածում ինքը Գալուստ Սահակյանի հայտարարության մասին, թե Սերժ Սարգսյանն անփոխարինելի է 2018-ի վարչապետի պաշտոնի համար և երկրորդ փոխարինող չկա:\r\n\r\nԱնդրադառնալով արտագաղթին` վարչապետը նկատեց, որ միգրացիոն գործողություններ բոլոր երկրներում կան. «Կախված այն բանից, թե մեր կյանքը որակապես ինչքանով կլավանա, միգրացիոն պրոցեսները կկանգնեն, ելք ու մուտքը, դրական միտումները, հարաբերակցությունը, իհարկե, կփոխվի: Պետք է այնպես անենք, որ ՀՀ-ն դառնա ապահով և զարգացող երկիր»:\r\n\r\nԼրագրողներից մեկի այն հարցին, թե ինչ է արել կառավարությունը, որ մարդիկ իրենց մաշկի վրա զգան կառավարության աշխատանքի արդյունքը, վարչապետը պատասխանեց. «Ձեր մաշկը մի զգացողություն ունի, ուրիշի մաշկը` ուրիշ, ինչպե ՞ս ենք տարբերելու: Ամբողջ աշխարհն ընդունել է հայտանիշերի համակարգ, որով գնահատվում է կառավարության աշխատանքը: Մենք այս մեկ ամիսը սկսել ենք հաշվետվություններ ներկայացնել: Մեր ընթացիկ ցուցանիշները լավագույնն են ԵԱՏՄ-ում, տարածաշրջանում, ԱՊՀ-ում: Բավարա ՞ր է դա, որպեսզի մեր քաղաքացիների բոլոր խնդիրները լուծենք: Ոչ: Որ քաղաքացիներն են իրենց մաշկի վրա ինչ-որ բան զգացել, որը` չէ, շատ սուբյեկտիվ է: Բայց մենք հստակ հաշվետու ենք, թե ինչ ենք արել»:\r\n\r\nԿարեն Կարապետյանի խոսքով` 6.2 տոկոս տնտեսական աճ է ապահովել կառավարությունը, 12.7 տոկոս արդյունաբերության աճ, 21 տոկոս արտահանման աճ, 28.5 տոկոս ներմուծման աճ: Ըստ նրա` սա բավարար չէ, որ մարդիկ լավ զգան, ավելին` որևէ երկիր չկա, որ բոլորը բավարարված են, որովհետև յուրաքանչյուր քաղաքացու կյանքի որակը փոխելով`փոխվում և աճում են նաև պահանջները:\r\n\r\n«Այսօր ՀՀ բոլոր քաղաքացիներն ուզում են, որ իրենց կյանքը որակապես փոխվի, հնարավո ՞ր է մեկ տարվա մեջ բոլորինը փոխվի, ոչ: Այդ իսկ պատճառով, եթե մենք ուզում ենք առարկայական խոսել, ես ձեզ հաշվետվություն եմ տալիս թվերով, ոչ թե էմոցիոնալ, «մաշկի վրա չենք զգացել»-ը շատ սուբյեկտիվ, անչափելի գործոն է»,-պարզաբանեց վարչապետը:\r\n\r\nԽոսելով սփյուռքահայերի այն դժգոհությունների մասին, թե Հայաստանը ներդրումների համար անվստահելի երկիր է, Կարեն Կարապետյանը նկատեց, որ սփյուռքահայերի հետ հարաբերություններում կան և՛ օբյեկտիվ, և՛ սուբյեկտիվ գնահատականներ: «Շատ քիչ բիզնեսմեններ կան, որ ընդունում են, որ սխալ են գնահատել ռիսկերը և ձախողվել են: Մենք ունենք նաև սփյուռքահայեր, որ գալիս են ՀՀ և կառավարությունից սպասում են այն, ինչ որևէ այլ երկրում չեն սպասում: Իրենք որևէ երկրում չեն էլ սպասում, որ  այսպիսի ընդունելություն կամ պայմաններ կլինեն, բայց, որ պետք է ռեգուլյար աշխատենք, որ անվստահության մթնոլորտը, եթե կա, կոտրենք, դա փաստ է»:\r\n\r\nՎարչապետի խոսքով` մենք չենք կարող տնտեսություն զարգացնել, եթե սեփականության նկատմամբ վստահություն չլինի, բիզնես կանոնների վրա վստահություն չլինի, հավասար խաղի կանոններ չլինեն:\r\n\r\n«Եթե մենք տնտեսության աճ ապահովենք, եթե աշխատատեղեր ստեղծենք, ապա այստեղ գործ անելը, շուկան մեծացնելը համարում եմ հնարավոր»,-ասաց վարչապետը:\r\n\r\nԼրագրողի ճշտող հարցին, թե դա կլինի անգամ, եթե Կարեն Կարապետյանը չլինի ՞ կառավարության ղեկավարը,  նա պատասխանեց. «Կստացվի, եթե նույնիսկ ես չլինեմ կառավարության ղեկավարը, եթե ճիշտ քայլենք»:','1505836017356_vrchoi_post.jpg','2017-09-23',24,'Armenia',2,0,2),(14,'Արարատի մարզում 38-ամյա տղամարդն ինքնաշեն կրակող սարքից կրակել է իր որովայնին','Արարատի մարզում 38-ամյա քաղաքացին ինքնաշեն հրազենից կրակել է իր որովայնին:\r\nTert.am-ի հետ զրույցում ՀՀ ոստիկանության ԶԼՄ-ների հետ կապի բաժնի պետ Էդգար Ջանոյանն ասաց, որ ոստիկանությունն այսօր հաղորդում է ստացել:\r\n\r\n«Սեպտեմբերի 19-ին «Արարատ» ԲԿ-ից հաղորդում է ստացվել այն մասին , որ  որովայնի շրջանում հրազենային վնասվածք ախտորոշմամբ իրենց մոտ է տեղափոխվել 1979 թվականին ծնված տղամարդ»,-ասաց Ջանոյանը:\r\n\r\nԷդգար Ջանոյանի խոսքով՝ պարզվել է, որ այդ տղամարդը իրենց տանը ինքնասպանություն գործելու նպատակով ինքնաշեն կրակող սարքից կրակել է իր որովայնին և ստացել նշված վնասվածքը:\r\n\r\nՈստիկանությունից հայտնեցին, որ կատարվում է քննություն:\r\n ','1505837368608_nintchdbpict0003030157321_1.thumb.jpg','2017-09-23',19,'Armenia',4,4,4),(15,'Դեմբելեն, Դոնարուման և Մբապեն Golden Boy մրցանակի 25 հավակնորդների թվում են','Հայտնի են «Tuttsport»-ի կողմից Եվրոպայի լավագույն երիտասարդ ֆուտբոլիստին տրվող «Golden Boy» մրցանակի 25 հավակնորդների անունները:\r\n \r\nԹեկնածուների թվում են «Բարսելոնայի» հարձակվող Ուսման Դեմբելեն, «Միլանի» դարպասապահ Ջանլուիջի Դոնարուման և ՊՍԺ-ի հարձակվող Կիլիան Մբապեն:\r\n \r\nՀավակնորդների ընդհանուր ցանկն այս տեսքն ունի`\r\n \r\nԱարոն Մարտին («Էսպանյոլ»), Ժան-Քևին Օգյուստեն («ՌԲ Լեյպցիգ»), Ռոդրիգո Բենտանկուր («Յուվենտուս»), Սթիվեն Բերգվեյն (ՊՍՎ), Կալվերտ-Լյուին («Էվերթոն»), Ֆեդերիկո Կյեզա («Ֆիորենտինա»), Ուսման Դեմբելե («Բարսելոնա»), Ամադու Դիավարա («Նապոլի»), Կասպեր Դոլբերգ («Այաքս»), Ջանլուիջի Դոնարումա («Միլան»), Գաբրիել Ժեզուս («Մանչեսթեր Սիթի»), Ջո Գոմես («Լիվերպուլ»), Բենյամին Հենրիքս («Բայեր»), Բորխա Մայորալ («Ռեալ»), Կիլիան Մբապե (ՊՍԺ), Էմրե Մոր («Սելթա»), Ռիս Օքսֆորդ («Բորուսիա Մ.»), Քրիստիան Պուլիշիչ («Բորուսիա Դ.»), Մարկուս Ռեշֆորդ («Մանչեսթեր Յունայթեդ»), Ալան Սեն-Մաքսիմեն («Նիս»), Դոմինիկ Սոլանկե («Լիվերպուլ»), Թեո Էրնանդես («Ռեալ»), Յուրի Տիլեմանդս («Մոնակո»), Էնես Ունալ («Վիլյառեալ»), Կայլ Ուոքեր («Տոտենհեմ»):\r\n \r\nՀիշեցնենք` «Golden Boy 2017»-ի հավակնորդների նախնական ցանկում ընդգրկվել էր նաև Գյումրիի «Շիրակի» նախկին ֆուտբոլիստ Վահան Բիչախչյանը:\r\n \r\nԻսկ 2016 թվականին Եվրոպայի լավագույն երիտասարդ ֆուտբոլիստ էր ճանաչվել պորտուգալացի կիսապաշտպան Ռենատու Սանչեսը, որն այս պահին վարձակալության հիմունքներով հանդես է գալիս «Սուոնսի Սիթիում»:','1505837409929_golden_boy_award_1b1lxuqe2myhd10qk7faj4w7ph.thumb.jpg','2017-09-23',4,'Europe',3,0,1),(17,'Մետրոպոլիտենի աշխատակիցը քաղաքացուց կաշառք է վերցրել` նրան աշխատանքի ընդունելու համար','Մետրոպոլիտենի աշխատակիցը կաշառք է վերցրել քաղաքացուց` նրան աշխատանքի ընդունելու համար։\r\n\r\nԼուրը Tert.am-ի հետ զրույցում հաստատեց ՀՀ ոստիկանության ԶԼՄ-ների հետ կապի բաժնի պետ Էդգար Ջանոյանը` հայտնելով` աշխատակիցը գործի ընդունելու համար որպես կաշառք պահանջել և ստացել է գումար։ Կա բերման ենթարկված։\r\n\r\nԶԼՄ-ների հետ կապի բաժնից հայտնեցին, որ սեպտեմբերի 22-ին ոստիկանության Երևան քաղաքի վարչության և Արաբկիրի բաժնի ծառայողները, իրացնելով ստացված օպերատիվ տվյալները, կաշառք պահանջելու և ստանալու կասկածանքով Երևանի Բաղրամյան պողոտայի թիվ 76 հասցեից բաժին բերման են ենթարկել Մետրոպոլիտենի աշխատակից, 1972 թ. –ին ծնված Ա. Խ.-ին։\r\n\r\n«Պարզվել է, որ Ա.Խ.-ն հուլիսի 11-ին աշխատանքի ընդունելու համար մի քաղաքացուհուց որպես կաշառք պահանջել և ստացել է 500 դոլար»,-ասաց Ջանոյանը` հավելելով, որ կատարվում է քննություն։:\r\n ','1506166528715_partnersalary_copy.thumb.png','2017-09-23',5,'Armenia',2,0,10),(18,'Տոնակատարություն՝ նվիրված PwC Արմենիա-ի բացման 10-ամյակին','Ս.թ. սեպտեմբերի 15-ին Արմենիա Մարիոթ հյուրանոցի Տիգրան Մեծ դահլիճում կայացավ PwC Արմենիա ընկերության գրասենյակի բացման 10-ամյակին նվիրված տոնակատարությունը, որին ներկա էին PwC Արմենիա ընկերության հաճախորդներն ու պաշտոնատար անձինք, PwC-ի Կենտրոնական և Արևելյան Եվրոպայի տարածաշրջանների գործընկերներ, ինչպես նաև PwC Արմենիայի նախկին և ներկա աշխատակիցներ:\r\n\r\n«Կենտրոնական և Արևելյան Եվրոպայի տարածաշրջանային ղեկավարների անունից թույլ տվեք շնորհավորել Հայաստանի մեր թիմին՝ 10-ամյա հոբելյանի կապակցությամբ։ Հաջողության գրավականն է ունենալ հզոր թիմ, և ստեղծելով մեր գրասենյակը Հայաստանում, կարծում եմ, որ մենք կարողացանք հասնել այն նպատակին, որն ունեինք՝ ստեղծել թիմ, որը կներկայացնի PwC-ի արժեքները: Ցանկանում եմ շնորհակալություն հայտնել մեր հաճախորդներին, քանի որ ձեր շնորհիվ է, որ մենք այսօր այստեղ ենք, և մենք շնորհակալություն ենք հայտնում ձեզ՝ նվիրումի և վերջին տասը տարիների ընթացքում մեզ հետ համագործակցելու համար»,– իր ողջույնի խոսքում ասաց PwC-ի Կենտրոնական և Արևելյան Եվրոպայի տարածաշրջանի գործադիր գործընկեր պարոն Թոդ Բրեդշոուն: \r\n\r\nPwC Արմենիայի 10 տարվա աշխատակիցներին պարգևների և շնորհակալագրերի հանձնման հանդիսավոր արարողությունից հետո մեր հյուրերը վայելեցին ՀՀ ժողովրդական արտիստ Լևոն Մալխասյանի և Մալխաս Ջազ Բենդի ելույթը, որին հաջորդեց ծննդյան տորթի կտրման գեղեցիկ արարողությունը:  \r\n\r\n157 երկրում ավելի քան 223,000 աշխատակից ունեցող «ՓրայսուոթերհաուսԿուպերս»-ը պրոֆեսիոնալ ծառայություններ մատուցող ցանցերի շարքում հանդիսանում է առաջատարներից մեկը: «ՓրայսուոթերհաուսԿուպերս»-ը 2007 թվականի սեպտեմբերից բացել է իր գրասենյակը Երևանում: Տեղական մասնագետների գիտելիքի համադրումն ու գլոբալ ռեսուրսների հզոր ցանցը PwC-ին թույլ են տալիս մատուցել հայկական միջավայրին հարմարեցված լուծումներ բարդ բիզնես խնդիրների համար: PwC-ի առաքելություններից մեկն է նաև միջազգային ամենալավ փորձը ներմուծել Հայաստան և ունենալ ներդրում հայկական բիզնեսի և գործարար միջավայրի զարգացման գործում:','1506166583133_cover.thumb.jpg','2017-09-23',10,'Armenia',7,2,1),(20,'Bentley ընկերությունը կղեկավարի Jaguar Land Rover-ի թոփ-մենեջերը','Bentley ընկերությունը նոր ղեկավար է ընտրել: Բրիտանական ավտոարտադրող ընկերությունը կգլխավորի Jaguar Land Rover խմբի ռազմավարության հարցերով ներկայիս տնօրեն Էդրիան Հոլմարքը:\r\n\r\nԻնչպես հայտնում է Motor.ru-ն, Bentley-ի ղեկավարի պաշտոնում նա կփոխարինի Վոլֆգանգ Դյուրհայմերին, որը բրիտանական ապրանքանիշից երկրորդ անգամ է հեռանում իր կարիերայի ընթացքում: Վերջինս կամավոր կերպով է ազատման դիմում ներկայացրել:\r\n\r\nBentley-ից բացի, Դյուրհայմերը հանդիսանում է Bugatti-ի նախագահը: Այդ պաշտոնից նա ևս հեռանում է սեփական կամքով:\r\n\r\n2012-2013 թվականներին նա ղեկավարել է Audi ընկերությունը, ուր գնացել էր Bentley-ից դուրս գալով','1506166801457_21919435_1442255532495748_2066428433_n.thumb.jpg','2017-09-23',3,'Europe',7,1,2),(21,'Apple-ի կապիտալիզացիան մեկ շաբաթում նվազել է 43 մլրդ դոլարով','\r\n\r\nԱմերիկյան Apple ընկերության կապիտալիզացիան այս շաբաթ վատագույն արդյունքն է գրանցել վերջին 17 ամսում՝ կրճատվելով 43 մլրդ դոլարով: Lenta.ru-ի փոխանցմամբ՝ այս մասին հայտնոմ է Financial Times-ը:\r\n\r\nNASDAQ առևտրային բորսայի տվյալներով՝ սեպտեմբերի 22-ին ընկերության բաժնետոմսերի արժեքը նվազել է 1.6 տոկոսով, իսկ սեպտեմբերի 18-ից արժեթղթերը էժանացել են 5.2 տոկոսով:\r\n\r\nԱմերիկյան տեխնոլոգիական հսկայի բաժնետոմսերն արժեզրկվում են Apple Watch-ի հետ կապված խնդրի առկայության մասին լուրերի ֆոնին: Ի դեպ, գաջեթի վաճառքն սկսվել է սեպտեմբերի 22-ին: Բացի այդ, վերլուծաբանները բացասական կանախատեսումներ են անում iPhone 8-ի պահանջարկի վերաբերյալ, որը, նրանց կարծիքով, քիչ է տարբերվում նախորդ սերնդի iPhone-ից:\r\n\r\nՀիշեցնենք, որ ընկերության նորագույն արտադրանքների շնորհանդեսը կայացել է սեպտեմբերի 12-ին Կլիֆոռնիայում: Այսօր մեկնարկել է նաև iPhone 8-ի վաճառքը, իսկ առաջատար iPhone X մոդելի վաճառքը սպասվում է ավելի ուշ:\r\n ','1506166998738_21981567_1442292909158677_1404896202_o.thumb.jpg','2017-09-23',1,'World',7,0,3),(22,'Mobile Centre-ում մեկնարկել է Samsung Galaxy Note 8 սմարթֆոնի վաճառքը, գինը՝ 579,900 դրամ','Այսօր Mobile Centre-ը՝ Հայաստանում բջջային հեռախոսների և աքսեսուարների խանութների ամենամեծ ցանցը, ինչպես նաև մի շարք աշխարհահռչակ բրենդների պաշտոնական ներկրողն ու գործընկերը, հայտարարեց նոր Samsung Galaxy Note 8 երկքարտանի սմարթֆոնի վաճառքի մեկնարկը:\r\n\r\nMobile Centre–ի բիզնեսի զարգացման տնօրեն Հրաչյա Ղազարյանը ներկայացրեց, որ Galaxy Note 8-y  հանդիսանում է կրկնակի հիմնական տեսախցիկով առաջին Samsung սմարթֆոնը, որի անկյունագիծը 6,3 դյույմ է, քաշը՝ 190 գրամ, օժտված է երկու կողմից կորացված 3D–ապակյա և մետաղյա իրանով, 64 ԳԲ  հիշողությամբ, 12 ՄՊ լայնաֆորմատ օբյեկտիվով: \r\n\r\n«Հաճախորդները սմարթֆոնը կարող են ձեռք բերել 579,900 դրամով: Բացի այդ առաջակում ենք ապառիկի շատ ճկուն և լավ համակարգ՝ այսպես ասած 0-0-0 ակցիան, այսինքն՝ 0 տոկոս կանխավճար, 0 տոկոս տոկոսադրույք, և 0 տոկոս սպասարկման վճար, որի շրջանակներում մանրածախ գինը ուղղակի բաժանվում է 24 հավասարաչափ մասերի, առանց որևէ հավելավճարի՝ կազմելով ամսական 24,170 դրամ»,-ասաց նա:\r\n\r\nՀրաչյա Ղազարյանը հայտնեց, որ բարի ավանդույթ են ձևավորել Samsung ընկերության հետ և այն հաճախորդները, ովքեր նախնական պատվերներ են կատարել, կստանան Samsung Dex դոկ կայանները նվեր:\r\n\r\nՈրպես Mobile Centre-ի մրցակցային առավելություն, բիզնեսի զարգացման տնօրենը համարեց այն, որ իրենք Samsung-ի պաշտոնական ներկրողն ու գործընկերն են և հաճախորդն ստանում է պաշտոնական երաշխիք: Ինչ վերաբերում է առաջիկա ծրագրերին, ապա նա ասաց. «Իհարկե շատ փակագծեր չեմ կարող բացել, սակայն մեզ մոտ նորություններ սպասվում են և մենք շարունակելու ենք մեր ռազմավարությունը այն առումով, որ հնարավորինս սեղմ ժամկետում սպառողին ներկայացնել միջազգային շուկայի նորույթները»,-ասաց նա:\r\n\r\nԻ դեպ Samsung Galaxy Note 8 հեռախոսը պաշտպանված է ջրից  և փոշուց՝  համապատասխանելով միջազգային IP68 ստանդարտներին: Samsung Galaxy Note 8 սմարթֆոնի վաճառքի մեկնարկի կապակցությամբ Հյուսիսային պողոտա 6 հասցեում գտնվող Mobile Centre խանութ-սրահում տեղի ունեցավ հանդիսավոր արարողություն, որի ժամանակ անցկացվեցին մրցույթներ, խաղեր, իսկ հաղթողները ստացան մի շարք նվերներ:\r\n\r\nԲացի այդ, Samsung Galaxy Note 8-ի մարտկոցը շուկայի ամենաանվտանգ և պաշտպանված մարտկոցներից, որը արագ և անլար լիցքավորման հնարավորություն է տալիս:','1506167334619_img_8385.thumb.jpg','2017-09-23',1,'Armenia',7,0,4),(24,'Ամերիկյան ֆուտբոլային ակումբը պայմանագիր է կնքել քաղցկեղով հիվանդ 5-ամյա տղայի հետ ','Ամերիկյան «Պորթլենդ Թիմբերս» ակումբը պայմանագիր է կնքել 5-ամյա դարպասապահ Դերիկ Թելեսի հետ, հայտնում է «ESPN FC»-ն:\r\n \r\nԹելեսը, որը խորհրդանշորեն դարձել է MLS-ի պատմության ամենաերիտասարդ ֆուտբոլիստը, հայտավորվել է թիմի` «Օռլանդո Սիթիի» հետ սեպտեմբերի 25-ին կայանալիք խաղին:\r\n \r\nՏղան կմասնակցի նախախաղային մարզմանն, ինչպես նաև թիմերի կողմից օրհներգների կատարմանը:\r\n \r\nՊայմանագրի ստորագրումը տեղի է ունեցել միջազգային բարեգործական «Make-A-Wish» կազմակերպության միջնորդությամբ, որն օգնում է իրականացնել անբուժելի հիվանդ երեխաների ցանկությունները:\r\n \r\nԹելեսը, որը հանդիսանում է «Պորթլենդի» երկրպագու, գլխուղեղի քաղցկեղի պատճառով 3 վիրահատության է ենթարկվել.\r\n \r\n«Մենք բոլորս շատ հուզված ենք: Սա մեծ օր է մեր ակումբի համար: Երկար ժամանակ հետևել ենք Դերիկին: Նա մի քանի տարի մեր ուշադրության կենտրոնում է եղել: Մենք նրան համարում ենք մեր ակումբ եկած ամենատաղանդավոր երիտասարդ դարպասապահներից մեկը: \r\n \r\nԿարծում եմ` կիրակի օրը կայանալիք խաղում մենք կկարողանանք Դերիկին ընդգրկել մեկնարկային կազմում: Թելեսին ասել եմ, որ նրա կատարմամբ ցանկանում եմ 20 սեյվ տեսնել»,- կատակել է «Պորթլենդի» գլխավոր մարզիչ Կալեբ Պորտերը:','1506173208151_tellez_action.thumb.jpg','2017-09-23',0,'World',3,0,2),(25,'Բանակայինների ԱԱ. Ըմբիշ Էդգար Խաչատրյանը դուրս է եկել եզրափակիչ','Լիտվայի Կլայպեդա քաղաքում ընթացող բանակայինների աշխարհի առաջնությունում հունահռոմեական ոճի ըմբիշ, 130կգ քաշային կարգում հանդես եկող Էդգար Խաչատրյանը դուրս է եզրափակիչ։\r\n \r\nԱյս մասին հայտնում է Հայաստանի ըմբշամարտի ֆեդերացիայի մամուլի քարտուղարությունը:\r\n \r\nՄեր մյուս մասնակիցը` 98 կգ քաշային Վաղարշակ Մինասյանը կպայքարի բրոնզե մեդալի համար։\r\n \r\nՀիշեցնենք` երեկ պայքարի մեջ մտած չորս ըմբիշներից երկուսը՝ 66 կգ քաշային Կարեն Ասլանյանը և Արմեն Հակոբյանը (71 կգ) դուրս էին եկել եզրափակիչ: \r\n \r\n\r\nԿարեն Ասլանյանը նվաճել էր աշխարհի չեմպիոնի կոչումը, իսկ Արմեն Հակոբյանը բավարարվել էր արծաթե մեդալով:','1506173377632_2595.thumb.jpg','2017-09-23',0,'Armenia',3,0,3),(26,'Հայաստան-Եվրոպական միություն հարաբերություններն են քննարկել ՀՀ ԱԳ նախարարն ու Խորվաթիայի փոխվարչապետը','Սեպտեմբերի 22-ին ՄԱԿ-ի գլխավոր ասամբլեայի նստաշրջանին մասնակցող Հայաստանի արտգործնախարար Էդվարդ Նալբանդյանը հանդիպել է Խորվաթիայի փոխվարչապետ, արտաքին և եվրոպական գործերի նախարար Մարիա Պեյչինովիչ-Բուրիչի հետ:\r\n\r\nԽորվաթիայի արտգործնախարարը նշել է, որ ջերմությամբ է հիշում տարիներ առաջ իր այցելությունը Երևան, որից մնացել են շատ վառ տպավորություններ, և սպասում է Հայաստան այցելելու նոր առիթի։\r\n\r\nՀայաստանի և Խորվաթիայի արտգործնախարարները քննարկել են արտգործնախարարությունների միջև խորհրդակցությունների անցկացման, իրավապայմանագրային դաշտի ընդլայնման և առևտրատնտեսական կապերի խթանմանն առնչվող հարցեր:\r\n\r\nՀանդիպման ընթացքում արծարծվեցին Հայաստան-Եվրոպական միություն հարաբերությունները, նոյեմբերին Բրյուսելում կայանալիք Արևելյան գործընկերության գագաթաժողովի նախապատրաստական աշխատանքները:\r\n\r\nԷդվարդ Նալբանդյանը Մարիա Պեյչինովիչ-Բուրիչի հրավիրել է այցելել Հայաստան։\r\n ','1506173537488_untitled_1_copy.thumb.jpg','2017-09-23',0,'Armenia',2,0,10),(27,'Հայապահպանման 2 նախարարություն ունենք, բայց եթե իրենց պարտադրվում է ռուսաց լեզուն, ուրեմն թող հեռանան. Ազատ Արշակյան','«Նրանք դավաճան են ... եթե դա պարտադրվում է իրենց՝ հայ մարդուն, նախարարին,  որը պետք է կրթություն ապահովի, ուրեմն թող հեռանան»,- ասաց նա: \r\n\r\nԸստ Ազատ Արշակյանի՝ հայ ժողովրդի համար ինքնության ամենակարևոր բաղադրիչը կրթությունն է, հայոց լեզուն: «Նա կոչված է հայոց լեզվի զարգացումն ապահովելու համար և հիմա եթե նրան պարտադրում են հայկական դպրոցներում հայ մշակույթի կենտրոնում խորացված կերպով անցնել հետամնաց մշակույթը ներկայացնելող ռուսաց լեզուն, ուրեմն անելիք չունի»,- ասաց նա:\r\n\r\nԱզատ Արշակյանը պնդեց, թե ռուսաց լեզուն Եվրոպայի մասշտաբով հետամնաց մշակույթ է:  «600 տարի հետ են մնացել, 25 սերունդ հետամնաց ժողովուրդ են: Նրանք իրենց երեխաներին ուղարկում են Եվրոպայում անգլերեն կրթություն ստանալու, իսկ ստացվում է՝ մենք ուղարկում ենք ծայրագավառը Եվրոպայի: Մոսկվան քաղաքակրթության համար ծայրագավառ է, ոնց ուզում եք վերցրեք»,- ասաց նա: \r\n\r\nՀիշեցնենք, որ վարչապետի հանձնարարականով ռուսաց լեզվի հայեցակարգի մշակումը բավական մեծ աղմուկ էր բարձրացել: Նախարար Լևոն Մկրտչյանը սակայն հայտարարեց, որ հայեցակարգը միայն ռուսաց լեզվի համար չի մշակվել, այլ նաև լատինատառ լեզուներից անգլերենի, գերմաներենի և ֆրանսերենի:','1506173606836_7.thumb.jpg','2017-09-23',0,'Armenia',2,0,10),(28,'Արցախի պատգամավորները հանդիպել են թուրք հասարակական գործիչների հետ','Սեպտեմբերի 22-ի երեկոյան ԱԺ փոքր դահլիճում տեղի է ունեցել խորհրդարանի խմբակցությունների պատասխանատուների և ճանաչողական այցով Արցախ ժամանած թուրք հանրային գործիչների հանդիպումը, տեղեկացնում է Արցախի Հանրապետության Ազգային ժողովի մամուլի ծառայությունը:\r\n\r\nՀանդիպման ընթացքում, կողմերն անդրադարձել են Հայոց ցեղասպանության ճանաչման, ադրբեջանա-ղարաբաղյան հակամարտության կարգավորման և տարածաշրջանում խաղաղության ու համագործակցության հեռանկարներին վերաբերող թեմաների:\r\n\r\nՀյուրերի կարծիքով հայ-թուրքական հարաբերությունների կարգավորումը պետք է դիտվի առավելապես ժողովրդավարական արժեքների և մարդու իրավունքների պաշտպանության տեսանկյունից, որպեսզի հնարավոր լինի դրանց հավասարաչափ զարգացումը:\r\n\r\nՀանդիպմանը ներկա խմբակցությունների պատասխանատուներ Արամ Գրիգորյանը, Վարդգես Բաղրյանը և Ալյոշա Գաբրիելյանը հյուրերի խնդրանքով մանրամասներ են ներկայացրել ղարաբաղյան շարժման որոշ դրվագների, բանակցային գործընթացի և Արցախի դիրքորոշման վերաբերյալ:\r\n\r\nՀանդիպմանը մասնակցել է նաև «Արևմտահայոց ազգային համագումար» միջազգային կազմակերպության ազգային խորհրդի հիմնադիր անդամ, Հայաստանի Հանրապետության Ազգային ժողովի նախկին պատգամավոր Արագած Ախոյանը։','1506173662209_na_1.thumb.jpg','2017-09-23',0,'Armenia',2,0,4),(29,'Քոլին Ֆերտն Իտալիայի քաղաքացիություն է ստացել','\r\n\r\nԲրիտանացի դերասան Քոլին Ֆերտն Իտալիայի քաղաքացիություն է ստացել: Այս մասին հայտնում է РИА Новости-ն՝ հղում անելով Իտալիայի ՆԳ նախարարությանը:\r\n\r\n«Թագավորը խոսում է» ֆիլմի համար «Օսկար» մրցանակի արժանացած հայտնի դերասանն ամուսնացած է Իտալիայի քաղաքացու հետ և բազմիցս արտահայտել է իր սերը մեր երկրի հանդեպ», - ասել են նախարարությունում:\r\n\r\nՖերտի՝ Իտալիայի քաղաքացիություն ստանալու ցանկության մասին մայիսի վերջին հաղորդել են բրիտանական լրատվամիջոցները. ենթադրվում է, որ 57-ամյա դերասանին անհանգստացնում են Brexit-ի հետևանքները, և նա ցանկացել է ունենալ նույն փաստաթղթերը, ինչ իր կինը և երեխաները:\r\n\r\nՀայտնի է, որ Ֆերտը 1997 թվականից ամուսնացած է իտալացի ռեժիսոր-վավերագրող Լիվիա Ջուջոլիի հետ. զույգը երկու երեխա ունի՝ 2001 թվականին ծնված Լուկան և 2003 թվականին ծնված Մատեոն:','1506173726340_1505406663.thumb.jpg','2017-09-23',1,'World',4,0,3),(30,'«Ես ամենից շատ ցանկանում էի լավ ամուսին լինել». Էլթոն Ջոնը պատմել է տարիներ առաջ կնոջ հետ ամուսնության մասին','Բրիտանացի հանրահայտ երաժիշտ Էլթոն Ջոնը սոցցանցում պատմել է իր անձնական կյանքի, մասնավորապես՝ տարիներ առաջ կնոջ հետ ամուսնության մասին։\r\n\r\nInstagram սոցցանցում նա պատմել է ձայնային ռեժիսոր Ռենատա Բլաուելի հետ ամուսնության մասին, որը տեղի է ունեցել 1984 թվականին Ավստրալիայում։ Սակայն, ըստ երգչի, նա զգում էր, որ դժբախտություն է պատճառում իր կնոջը, քանի որ փորձում էր թաքցնել իր սեռական նախասիրությունները։\r\n\r\n«Ես ամենից շատ ցանկանում էի լավ ամուսին լինել, սակայն մերժում էի այն, ինչ իրականում կայի, և դա տխրություն էր պատճառում իմ կնոջը և ստիպում ինձ մեծ մեղք զգալ»,- գրել է նույնասեռական երաժիշտը։\r\n\r\nՀետագայում Էլթոն Ջոնը հանդիպել է Դևիդ Ֆերնիշին, որի հետ է արդեն 24 տարի։ Զույգն օրինականացրել է հարաբերությունները 2014 թվականին։','1506173787856_ap.thumb (1).jpg','2017-09-23',2,'Europe',4,0,2),(31,'Բրիտանացին հսկայական գազար է աճեցրել իր այգում','Բրիտանիայի Լեստերշիր կոմսությունում բնակվող վաճառքի մենեջերն աշխատանքից ազատ ժամանակ անցկացնում է հողամաս մշակելով:\r\n\r\nԻնչպես հաղորդում է Life.ru-ն, 53-ամյա Սայմոն Սմիթը հանգստանում մշակաբույսեր աճեցնելով, իսկ այս տարի նրան հաջողվել է ռեկորդային ՝ 1.2 մետր երկարությամբ գազար աճեցնել:\r\n\r\nՍայմոնի հոբին ոչ միայն հանգստանալու միջոց է իր համար, այլև օգնում է իր վեցամյա թոռանը՝ Օսկարին հաղթահարել աուտիզմի և խլության բարդությունները: Երեխան մեծ հիացմունք է ապրել հսկայական բանջարեղենը տեսնելով:\r\n\r\nԲրիտանացու խոսքով՝ հատուկ սերմեր գոյություն ունեն, որոնցից մշտապես հսկայական գազար է դուրս գալիս, սակայն այդ սերմերը նրան երբեք չեն հետաքրքրել: Իր աճեցրած բնական գազարը համով նման կլինի սովորական գազարներին, իսկ հսկայական տեսակի գազարներն ավելի կոշտ են:','1506173846307_21942047_1442164289171539_2124476697_n.thumb.jpg','2017-09-23',0,'Europe',4,0,1),(33,'Շախմատի աշխարհի գավաթ. Արոնյանն առաջին դասական պարտիայում ոչ-ոքի խաղաց Լիրենի հետ','\r\n\r\nԹբիլիսիում անցկացվող շախմատի աշխարհի գավաթի եզրափակչում հայ գրոսմայստեր Լևոն Արոնյանն առաջին դասական պարտիայում սպիտակներով ոչ-ոքի խաղաց չինացի Դին Լիրենի հետ:\r\n \r\nՊարտիան ավարտվեց 35-րդ քայլին: Վաղը` սեպտեմբերի 24-ին կանցկացվի երկրորդ դասական պարտիան: \r\n \r\nՈչ-ոքիների դեպքում շախմատիստները կպայքարեն թայ-բրեյքում: Այն կկայանա սեպտեմբերի 27-ին:\r\n \r\nՀիշեցնենք, որ մրցաշարի եզրափակչի մասնակիցները կմասնակցեն հավակնորդների մրցաշարին:','1506185302829_img_2906_1024x673.thumb.jpg','2017-09-23',0,'World',3,0,4),(34,'Վիեննայում ձեռք բերված պայմանավորվածությունները թաղված են, բայց դրանք հնարավոր է կենդանացնել Ադրբեջանի վրա ճնշում գործադրելով. Ալեքսանդր Սկակով','ԵԱՀԿ Մինսկի խմբի համանախագահների համար գլխավոր հարցը ոչ թե ղարաբաղյան հակամարտության կարգավորումն է, այլ անվտանգության ապահովումը: Tert.am-ի հետ զրույցում նման կարծիք հայտնեց ռուսաստանցի հայտնի քաղաքագետ, Հարավային Կովկասի հարցերով փորձագետ Ալեքսանդր Սկակովը:  Ըստ նրա՝ ՄԽ եռանախագահ պետությունների համար առաջնային է վստահության մեխանիզմների ամրապնդումը՝ հետաքննական մեխանիզմների, տեսանկարահանող սարքերի տեղադրման միջոցով:\r\n\r\nԴրանք, Ալեքսանդր Սկակովի խոսքով, կստեղծեն լուրջ երաշխիքներ, որոնք կբացառեն նախորդ տարվա ապրիլյան գործողությունների կրկնությունը: Իսկ մնացածը, Ալ. Սկակովի կարծիքով, ապագայի քայլեր են, որոնց իրականացման համար հարկավոր է խաղաղություն հաստատել տարածաշրջանում:\r\n\r\n- Սեպտեմբերի 23-ին հանդիպեցին Հայաստանի և Ադրբեջանի արտաքին գործերի նախարարները, ինչից հետո ԵԱՀԿ Մինսկի խումբը հայտարարություն տարածեց՝ նշելով, որ հանդիպման հիմնական նպատակն այն էր, որ Լեռնային Ղարաբաղի հակամարտության կողմերն ուսումնասիրեն բանակցային գործընթացի ակտիվացման ճանապարհները: Բանակցային գործընթացն ակտիվացնելու համար, Ձեր կարծիքով, ի՞նչ պետք է անել:\r\n\r\n- Բանակցային գործընթացի ակտիվացման համար հարկավոր է Մինսկի խմբի եռանախագահների ճնշումը հակամարտության կողմերի, մասնավորապես՝ Ադրբեջանի վրա: Կարծում եմ` բանակցություններին տեմպ հաղորդելու համար նախարարների հանդիպումը բավարար չէ, պետք է հանդիպեն երկու երկրների նախագահները, այսինքն՝ բանակցությունների վերսկսման քննարկումները պետք է տեղի ունենան բարձր մակարդակով: Ոչ պակաս կարևոր է, որ բանակցային գործընթացին մասնակցի Լեռնային Ղարաբաղը:\r\n\r\n- Բայց կա՞ արդյոք հնարավորություն, որ ԼՂ-ն դառնա բանակցային կողմ, երբ Ադրբեջանը դրան դեմ է:\r\n\r\n- Դա հնարավոր է այն պարագայում, երբ հակամարտության կողմերի, մասնավորապես՝ Ադրբեջանի վրա, լինի շատ մեծ ճնշում Մինսկի խմբի եռանախագահների կողմից: Խոսքը Ռուսաստանի, ԱՄՆ, Եվրամիության մասին է, որոնք պետք է ճնշեն, մոտիվացիա ունենան՝ ճնշում գործադրելու համար:\r\n\r\n- Իսկ ի՞նչն է խանգարել ու խանգարում ՄԽ եռանախագահներին ճնշում գործադրել Ադրբեջանի վրա:\r\n\r\n- Կարծում եմ`Լեռնային Ղարաբաղի հակամարտությունը առաջնային չէ ԱՄՆ, ՌԴ ու ԵՄ համար: Նրանց համար կան ավելի կարևոր խնդիրներ, ինչպես, օրինակ, Սիրիան. եռանախագահների ողջ ուշադրությունը սևեռված է նման հարցերի լուծման վրա: Իսկ ղարաբաղյան հակամարտությունը այս երկրների համար երկրորդական տեղում է:\r\n\r\n- Պարո՛ն Սկակով, բանակցություններ են վարվում Հայաստանի և Ադրբեջանի նախագահների հանդիպման կազմակերպման ուղղությամբ: Ձեր կարծիքով՝ նման հանդիպման պահը հասունացե՞լ է, ի՞նչ է այն տալու:\r\n\r\n- Կարծում եմ, որ թե՛ այդ հանդիպումը կունենա, թե՛ նախորդ հանդիպումներն ունեցել են զրոյական արդյունք, դրանք չեն նպաստել հրադադարի ռեժիմի պահպանմանը, չեն արագացրել բանակցությունները սկսելու գործընթացը: Այնպես որ, չեմ կարծում, թե այդ հանդիպման հետ մեծ, լուրջ սպասելիքներ պետք է ունենալ: Նորից եմ կրկնում՝ հարկավոր է Մինսկի խմբի ավելի համառ, ավելի ուժեղ ճնշումը:\r\n\r\n- Բուն բանակցություններ սկսելու համար և՞ս պետք է ՄԽ համանախագահների ճնշումը: ԱԳ նախարարների հանդիպումից հետո ՄԽ-ն հայտարարեց, որ նախագահների հանդիպումը հնարավորություն կտա գտնել փոխզիջումային լուծումներ՝ հակամարտության առանցքային խնդիրների կարգավորման համար:\r\n\r\n- Կարծում եմ`Մինսկի խմբի համար գլխավոր հարցը ոչ թե հակամարտության կարգավորումն է, այլ անվտանգության ապահովումը: Նրանց համար առաջնային է վստահության մեխանիզմների ամրապնդումը՝ հետաքննական մեխանիզմների, տեսանկարահանող սարքերի տեղադրման միջոցով: Նրանք ուզում են ստեղծել լուրջ երաշխիքներ, որոնք կբացառեն նախորդ տարվա ապրիլյան գործողությունների կրկնությունը: Իսկ մնացածը ապագայի քայլեր են, որոնց իրականացման համար հարկավոր է խաղաղություն հաստատել տարածաշրջանում: Քանի դեռ կողմերը չունեն խաղաղություն հաստատելու ցանկություն, քանի դեռ տարածաշրջանում անվտանգությունը չի ապահովվել, հակամարտության լուծումն անհնար է:\r\n\r\n- Բայց Վիեննայում ձեռքբերված պայմանավորվածությունները, որոնք միտված էին, ըստ էության, վստահության ամրապնդմանը, այդպես էլ չիրագործվեցին, թեև առաջարկներն արվել էին ու Ադրբեջանը դրանց բանավոր համաձայնություն էր տվել: 1 տարի է` ՄԽ-ն ճնշման գործիքներ չի կիրառում Ադրբեջանի նկատմամբ, որ դրանք իրականացվեն:\r\n\r\n- Այո, այդ պայմանավորվածությունները մնացին օդում, չնայած կար շանս, որ կողմերը կհասնեն արդյունքի, որևէ հաջողության, բայց գործընթացը դանդաղեցվեց: Իսկ հնարավորություն կար, բայց գործընթացն արգելակվեց:\r\n\r\n- Կողմերի արտաքին գործերի նախարարների հանդիպումից հետո տարածած հայտարարության մեջ Վիեննայում ձեռք բերված պայմանավորվածությունների կատարման մասին որևէ բան ասված չէ: Ինչո՞ւ, մոռացությա՞ն է մատնվել:\r\n\r\n- Առաջին հերթին Բաքուն անում է ամեն ինչ, որ դրանք մոռացության մատնվեն, որովհետև այդ պայմանավորվածությունները չեն բխում Ադրբեջանի հետաքրքրություններից: Վիեննայում ձեռք բերված պայմանավորվածությունները, այո, ըստ էության թաղված են, բայց դրանք կարելի է վերակենդանացնել լուրջ ճնշման արդյունքում: Կարծում եմ`Հայաստանը պետք է շարունակի պնդել Վիեննայի պայմանավորվածությունները իրականացնելու հարցը: Չեմ կարծում, թե նոր առաջարկներ, նոր տարբերակներ ներկայացնելու հնարավորություն կա: Ամեն դեպքում, Հայաստանը չպետք է լինի Վիեննայում ձեռք բերված պայմանավորվածությունների իրականացման գործընթացի խափանման նախաձեռնողը:','1506425795487_1382649280_skakov_1_copy.thumb.jpg','2017-09-26',0,'Armenia',2,3,3),(35,'ՀՀԿ-ն, ՀՅԴ-ն և «Ծառուկյան» դաշինքը դեմ քվեարկեցին. ԵԱՏՄ-ից դուրս գալու ժամանակավոր հանձնաժողով չի ստեղծվի','ԱԺ Արտաքին հարաբերությունների մշտական հանձնաժողովը մերժեց «ԵԼՔ» խմբակցության առաջարկը` ԵԱՏՄ-ից դուրս գալու համար եզրակացություն ստանալու վերաբերյալ ժամանակավոր հանձնաժողով ստեղծելու մասին։\r\n\r\nԱԺ Արտաքին հարաբերությունների մշտական հանձնաժողովի 11 անդամներից միայն մեկ կողմ քվեարկություն արձանագրվեց՝ կողմ էր «Ելք» խմբակցության անդամ Արտակ Զեյնալյանը և արձանագրվեց, նման հանձնաժողով ստեղծելու կարիք չկա:\r\n\r\nՄինչ քվեարկությունը հիմնական զեկուցող Նիկոլ Փաշինյանը հանդես եկավ եզրափակիչ ելույթով:  Փաշինյանը հիշեցրեց, որ իրենց ներկայացված նախագիծը այն չէ, որ որոշում են ԵԱՏՄ-ից դուրս գալ, այլ այն է, որ հանձնաժողով են ստեղծում այդ հարցի վերաբերյալ եզրակացություն տալու համար:\r\n\r\nՓաշինյանը պնդեց, որ նման հանձնաժողովը հենց իշխանությանն է պետք, որ ցույց տան, թե ինչ լավ բան է ԵԱՏՄ-ն: \r\n\r\n«Միակ շատ թե քիչ տրամաբանական հիմնավորումը Գեղամյանը բերեց՝ դա շանտաժն է, այ գազը կթանկացենք, թուրքերին բաց կթողենք ձեզ վրա, հոսանքը կթանակացնենք: Էդ ենք ասում, ասում ենք ժամանակավոր ստեղծեք, որովհետև հրապարակային բան չեք կարողանում ասել: Բա էդ ծով լիազորությունները ինչի՞ համար եք պահում, որ օրվա համար եք պահում»,-ասաց նա:\r\n\r\nԸստ Փաշինյանի՝ իրենք այլընտրանքի մասին են խոսում, որից հենց ՀՀԿ-ն է հրաժարվել:\r\n\r\n«Մենք ասում ենք՝ արգումենտ, արգումենտ, մեզ ասում եք՝ չէ, այդպես չի, այդպես չի, դե ասեք բա ո՞նց է: Ասում եք՝ ԵԱՏՄ-ն դուռ է մեզ համար, հիմա դո՞ւռ է, թե «չոռնի խոդ», որ «պպզած» պետք է չոքեչոք անցնենք»,-ասաց նա:\r\n\r\nՆիստի օրակարգի հաջորդ հարցը «ԵԼՔ» խմբակցության կողմից խորհրդարանին ներկայացված նախագիծն էր, որով առաջարկվում է Եվրասիական տնտեսական միության պայմանագրի գործողությունը դադարեցնելու գործընթաց սկսել:\r\n\r\nՀիմնական զեկուցող, «Ելք» խմբակցության պատգամավոր Էդմոն Մարուքյանը նիստին չէր ներկայացել: \r\n\r\nՀանձնաժողովի նախագահ Արմեն Աշոտյանը նշեց, որ այդպես էլ ենթադրում էր, ինչը նշանակում է, որ հարցի քննարկումը մինչև երկու ամիս կհետաձգվի:','1506517332328_dsc_0041.thumb.jpg','2017-09-27',5,'Armenia',2,0,1),(36,'Ադրբեջանում ՉԹՕ-ի տեղ են դրել ռուսական «Տոպոլ» հրթիռը ','Անցած երեկո Ադրբեջանի օդային տարածքում նկատվել են ռուսական «Տոպոլ» հրթիռները, որոնք բնակիչները Չբացահայտված թռչող օբյեկտի տեղ են դրել:\r\n\r\nReport գործակալության հաղորդմամբ՝ արտասովոր օբյեկտը երևացել է տեղական ժամանակով ժամը 20:00-ին՝ Մինգեչաուր քաղաքի վերևում:\r\n\r\nՏեղացիների խոսքով՝ պայծառ լույսերով ուշադրություն գրաված օբյեկտը կարճ ժամանակի ընթացքում մի քանի շրջան է արել օդում և արագ անհետացել տեսադաշտից:\r\n\r\nԱվելի վաղ լրատվամիջոցները հաղորդել են անցած գիշերը Ռուսաստանի, Ղազախստանի և Ղրղզստանի օդային տարածքներում նմանատիպ օբյեկտ նկատելու մասին:\r\n\r\nԱյս կապակցությամբ ռուսական լրատվամիջոցները, հղում անելով ՌԴ պաշտպանության նախարարությանը, գրել են, որ սեպտեմբերի 26-ին Ռուսաստանի ռազմավարական հրթիռային ուժերը բարեհաջող անցկացրել են «Տոպոլ-Մ» բալիստիկ հրթիռի փորձարկումը:\r\n\r\nՆշվում է, որ հրթիռն արձակվել է Աստրախան քաղաքի պոլիգոնից և ճշգրտությամբ հարվածել ղազախական պոլիգոնում գտնվող թիրախին:','1506527787307_999.thumb.png','2017-09-27',0,'World',2,0,10);

/*!40101 SET SQL_MODE=@OLD_SQL_MODE */;
/*!40014 SET FOREIGN_KEY_CHECKS=@OLD_FOREIGN_KEY_CHECKS */;
/*!40014 SET UNIQUE_CHECKS=@OLD_UNIQUE_CHECKS */;
/*!40111 SET SQL_NOTES=@OLD_SQL_NOTES */;
